Method,Mean Drift,Median Drift,Std Drift,Min Drift,Max Drift,Num Users
Pure Relevance,0.23814314603805542,0.23336303234100342,0.05898120626807213,0.08824706077575684,0.4520057439804077,593
Calibrated Diversity,0.16531528532505035,0.16296303272247314,0.03683700039982796,0.07163655757904053,0.3526933193206787,593
Serendipity-Aware,0.36177775263786316,0.3553040027618408,0.06919045001268387,0.14915072917938232,0.6322544813156128,593
